<api>
<package name="in.championswimmer.sfg.lib"
>
<class name="GestureAnalyser"
 extends="java.lang.Object"
 abstract="false"
 static="false"
 final="false"
 deprecated="not deprecated"
 visibility="public"
>
<constructor name="GestureAnalyser"
 type="in.championswimmer.sfg.lib.GestureAnalyser"
 static="false"
 final="false"
 deprecated="not deprecated"
 visibility="public"
>
</constructor>
<constructor name="GestureAnalyser"
 type="in.championswimmer.sfg.lib.GestureAnalyser"
 static="false"
 final="false"
 deprecated="not deprecated"
 visibility="public"
>
<parameter name="swipeSlopeIntolerance" type="int">
</parameter>
<parameter name="doubleTapMaxDelayMillis" type="int">
</parameter>
<parameter name="doubleTapMaxDownMillis" type="int">
</parameter>
</constructor>
<method name="getGesture"
 return="in.championswimmer.sfg.lib.GestureAnalyser.GestureType"
 abstract="false"
 native="false"
 synchronized="false"
 static="false"
 final="false"
 deprecated="not deprecated"
 visibility="public"
>
<parameter name="ev" type="MotionEvent">
</parameter>
</method>
<method name="getOngoingGesture"
 return="int"
 abstract="false"
 native="false"
 synchronized="false"
 static="false"
 final="false"
 deprecated="not deprecated"
 visibility="public"
>
<parameter name="ev" type="MotionEvent">
</parameter>
</method>
<method name="isDoubleTap"
 return="boolean"
 abstract="false"
 native="false"
 synchronized="false"
 static="false"
 final="false"
 deprecated="not deprecated"
 visibility="public"
>
</method>
<method name="trackGesture"
 return="void"
 abstract="false"
 native="false"
 synchronized="false"
 static="false"
 final="false"
 deprecated="not deprecated"
 visibility="public"
>
<parameter name="ev" type="MotionEvent">
</parameter>
</method>
<method name="untrackGesture"
 return="void"
 abstract="false"
 native="false"
 synchronized="false"
 static="false"
 final="false"
 deprecated="not deprecated"
 visibility="public"
>
</method>
<field name="DEBUG"
 type="boolean"
 transient="false"
 volatile="false"
 value="true"
 static="true"
 final="true"
 deprecated="not deprecated"
 visibility="public"
>
</field>
<field name="DOUBLE_TAP_1"
 type="int"
 transient="false"
 volatile="false"
 value="107"
 static="true"
 final="true"
 deprecated="not deprecated"
 visibility="public"
>
</field>
<field name="PINCHING"
 type="int"
 transient="false"
 volatile="false"
 value="205"
 static="true"
 final="true"
 deprecated="not deprecated"
 visibility="public"
>
</field>
<field name="PINCH_2"
 type="int"
 transient="false"
 volatile="false"
 value="25"
 static="true"
 final="true"
 deprecated="not deprecated"
 visibility="public"
>
</field>
<field name="PINCH_3"
 type="int"
 transient="false"
 volatile="false"
 value="35"
 static="true"
 final="true"
 deprecated="not deprecated"
 visibility="public"
>
</field>
<field name="PINCH_4"
 type="int"
 transient="false"
 volatile="false"
 value="45"
 static="true"
 final="true"
 deprecated="not deprecated"
 visibility="public"
>
</field>
<field name="SWIPE_1_DOWN"
 type="int"
 transient="false"
 volatile="false"
 value="12"
 static="true"
 final="true"
 deprecated="not deprecated"
 visibility="public"
>
</field>
<field name="SWIPE_1_LEFT"
 type="int"
 transient="false"
 volatile="false"
 value="13"
 static="true"
 final="true"
 deprecated="not deprecated"
 visibility="public"
>
</field>
<field name="SWIPE_1_RIGHT"
 type="int"
 transient="false"
 volatile="false"
 value="14"
 static="true"
 final="true"
 deprecated="not deprecated"
 visibility="public"
>
</field>
<field name="SWIPE_1_UP"
 type="int"
 transient="false"
 volatile="false"
 value="11"
 static="true"
 final="true"
 deprecated="not deprecated"
 visibility="public"
>
</field>
<field name="SWIPE_2_DOWN"
 type="int"
 transient="false"
 volatile="false"
 value="22"
 static="true"
 final="true"
 deprecated="not deprecated"
 visibility="public"
>
</field>
<field name="SWIPE_2_LEFT"
 type="int"
 transient="false"
 volatile="false"
 value="23"
 static="true"
 final="true"
 deprecated="not deprecated"
 visibility="public"
>
</field>
<field name="SWIPE_2_RIGHT"
 type="int"
 transient="false"
 volatile="false"
 value="24"
 static="true"
 final="true"
 deprecated="not deprecated"
 visibility="public"
>
</field>
<field name="SWIPE_2_UP"
 type="int"
 transient="false"
 volatile="false"
 value="21"
 static="true"
 final="true"
 deprecated="not deprecated"
 visibility="public"
>
</field>
<field name="SWIPE_3_DOWN"
 type="int"
 transient="false"
 volatile="false"
 value="32"
 static="true"
 final="true"
 deprecated="not deprecated"
 visibility="public"
>
</field>
<field name="SWIPE_3_LEFT"
 type="int"
 transient="false"
 volatile="false"
 value="33"
 static="true"
 final="true"
 deprecated="not deprecated"
 visibility="public"
>
</field>
<field name="SWIPE_3_RIGHT"
 type="int"
 transient="false"
 volatile="false"
 value="34"
 static="true"
 final="true"
 deprecated="not deprecated"
 visibility="public"
>
</field>
<field name="SWIPE_3_UP"
 type="int"
 transient="false"
 volatile="false"
 value="31"
 static="true"
 final="true"
 deprecated="not deprecated"
 visibility="public"
>
</field>
<field name="SWIPE_4_DOWN"
 type="int"
 transient="false"
 volatile="false"
 value="42"
 static="true"
 final="true"
 deprecated="not deprecated"
 visibility="public"
>
</field>
<field name="SWIPE_4_LEFT"
 type="int"
 transient="false"
 volatile="false"
 value="43"
 static="true"
 final="true"
 deprecated="not deprecated"
 visibility="public"
>
</field>
<field name="SWIPE_4_RIGHT"
 type="int"
 transient="false"
 volatile="false"
 value="44"
 static="true"
 final="true"
 deprecated="not deprecated"
 visibility="public"
>
</field>
<field name="SWIPE_4_UP"
 type="int"
 transient="false"
 volatile="false"
 value="41"
 static="true"
 final="true"
 deprecated="not deprecated"
 visibility="public"
>
</field>
<field name="SWIPING_1_DOWN"
 type="int"
 transient="false"
 volatile="false"
 value="102"
 static="true"
 final="true"
 deprecated="not deprecated"
 visibility="public"
>
</field>
<field name="SWIPING_1_LEFT"
 type="int"
 transient="false"
 volatile="false"
 value="103"
 static="true"
 final="true"
 deprecated="not deprecated"
 visibility="public"
>
</field>
<field name="SWIPING_1_RIGHT"
 type="int"
 transient="false"
 volatile="false"
 value="104"
 static="true"
 final="true"
 deprecated="not deprecated"
 visibility="public"
>
</field>
<field name="SWIPING_1_UP"
 type="int"
 transient="false"
 volatile="false"
 value="101"
 static="true"
 final="true"
 deprecated="not deprecated"
 visibility="public"
>
</field>
<field name="SWIPING_2_DOWN"
 type="int"
 transient="false"
 volatile="false"
 value="202"
 static="true"
 final="true"
 deprecated="not deprecated"
 visibility="public"
>
</field>
<field name="SWIPING_2_LEFT"
 type="int"
 transient="false"
 volatile="false"
 value="203"
 static="true"
 final="true"
 deprecated="not deprecated"
 visibility="public"
>
</field>
<field name="SWIPING_2_RIGHT"
 type="int"
 transient="false"
 volatile="false"
 value="204"
 static="true"
 final="true"
 deprecated="not deprecated"
 visibility="public"
>
</field>
<field name="SWIPING_2_UP"
 type="int"
 transient="false"
 volatile="false"
 value="201"
 static="true"
 final="true"
 deprecated="not deprecated"
 visibility="public"
>
</field>
<field name="UNPINCHING"
 type="int"
 transient="false"
 volatile="false"
 value="206"
 static="true"
 final="true"
 deprecated="not deprecated"
 visibility="public"
>
</field>
<field name="UNPINCH_2"
 type="int"
 transient="false"
 volatile="false"
 value="26"
 static="true"
 final="true"
 deprecated="not deprecated"
 visibility="public"
>
</field>
<field name="UNPINCH_3"
 type="int"
 transient="false"
 volatile="false"
 value="36"
 static="true"
 final="true"
 deprecated="not deprecated"
 visibility="public"
>
</field>
<field name="UNPINCH_4"
 type="int"
 transient="false"
 volatile="false"
 value="46"
 static="true"
 final="true"
 deprecated="not deprecated"
 visibility="public"
>
</field>
</class>
<class name="GestureAnalyser.GestureType"
 extends="java.lang.Object"
 abstract="false"
 static="false"
 final="false"
 deprecated="not deprecated"
 visibility="public"
>
<constructor name="GestureAnalyser.GestureType"
 type="in.championswimmer.sfg.lib.GestureAnalyser.GestureType"
 static="false"
 final="false"
 deprecated="not deprecated"
 visibility="public"
>
</constructor>
<method name="getGestureDistance"
 return="double"
 abstract="false"
 native="false"
 synchronized="false"
 static="false"
 final="false"
 deprecated="not deprecated"
 visibility="public"
>
</method>
<method name="getGestureDuration"
 return="long"
 abstract="false"
 native="false"
 synchronized="false"
 static="false"
 final="false"
 deprecated="not deprecated"
 visibility="public"
>
</method>
<method name="getGestureFlag"
 return="int"
 abstract="false"
 native="false"
 synchronized="false"
 static="false"
 final="false"
 deprecated="not deprecated"
 visibility="public"
>
</method>
<method name="setGestureDistance"
 return="void"
 abstract="false"
 native="false"
 synchronized="false"
 static="false"
 final="false"
 deprecated="not deprecated"
 visibility="public"
>
<parameter name="gestureDistance" type="double">
</parameter>
</method>
<method name="setGestureDuration"
 return="void"
 abstract="false"
 native="false"
 synchronized="false"
 static="false"
 final="false"
 deprecated="not deprecated"
 visibility="public"
>
<parameter name="gestureDuration" type="long">
</parameter>
</method>
<method name="setGestureFlag"
 return="void"
 abstract="false"
 native="false"
 synchronized="false"
 static="false"
 final="false"
 deprecated="not deprecated"
 visibility="public"
>
<parameter name="gestureFlag" type="int">
</parameter>
</method>
</class>
<class name="SimpleFingerGestures"
 extends="java.lang.Object"
 abstract="false"
 static="false"
 final="false"
 deprecated="not deprecated"
 visibility="public"
>
<constructor name="SimpleFingerGestures"
 type="in.championswimmer.sfg.lib.SimpleFingerGestures"
 static="false"
 final="false"
 deprecated="not deprecated"
 visibility="public"
>
</constructor>
<constructor name="SimpleFingerGestures"
 type="in.championswimmer.sfg.lib.SimpleFingerGestures"
 static="false"
 final="false"
 deprecated="not deprecated"
 visibility="public"
>
<parameter name="swipeSlopeIntolerance" type="int">
</parameter>
<parameter name="doubleTapMaxDelayMillis" type="int">
</parameter>
<parameter name="doubleTapMaxDownMillis" type="int">
</parameter>
</constructor>
<method name="getConsumeTouchEvents"
 return="boolean"
 abstract="false"
 native="false"
 synchronized="false"
 static="false"
 final="false"
 deprecated="not deprecated"
 visibility="public"
>
</method>
<method name="onTouch"
 return="boolean"
 abstract="false"
 native="false"
 synchronized="false"
 static="false"
 final="false"
 deprecated="not deprecated"
 visibility="public"
>
<parameter name="view" type="View">
</parameter>
<parameter name="ev" type="MotionEvent">
</parameter>
</method>
<method name="setConsumeTouchEvents"
 return="void"
 abstract="false"
 native="false"
 synchronized="false"
 static="false"
 final="false"
 deprecated="not deprecated"
 visibility="public"
>
<parameter name="consumeTouchEvents" type="boolean">
</parameter>
</method>
<method name="setDebug"
 return="void"
 abstract="false"
 native="false"
 synchronized="false"
 static="false"
 final="false"
 deprecated="not deprecated"
 visibility="public"
>
<parameter name="debug" type="boolean">
</parameter>
</method>
<method name="setOnFingerGestureListener"
 return="void"
 abstract="false"
 native="false"
 synchronized="false"
 static="false"
 final="false"
 deprecated="not deprecated"
 visibility="public"
>
<parameter name="omfgl" type="in.championswimmer.sfg.lib.SimpleFingerGestures.OnFingerGestureListener">
</parameter>
</method>
<field name="GESTURE_SPEED_FAST"
 type="long"
 transient="false"
 volatile="false"
 value="500L"
 static="true"
 final="true"
 deprecated="not deprecated"
 visibility="public"
>
</field>
<field name="GESTURE_SPEED_MEDIUM"
 type="long"
 transient="false"
 volatile="false"
 value="1000L"
 static="true"
 final="true"
 deprecated="not deprecated"
 visibility="public"
>
</field>
<field name="GESTURE_SPEED_SLOW"
 type="long"
 transient="false"
 volatile="false"
 value="1500L"
 static="true"
 final="true"
 deprecated="not deprecated"
 visibility="public"
>
</field>
<field name="tracking"
 type="boolean[]"
 transient="false"
 volatile="false"
 value="null"
 static="false"
 final="false"
 deprecated="not deprecated"
 visibility="protected"
>
</field>
</class>
<interface name="SimpleFingerGestures.OnFingerGestureListener"
 abstract="true"
 static="true"
 final="false"
 deprecated="not deprecated"
 visibility="public"
>
<method name="onDoubleTap"
 return="boolean"
 abstract="true"
 native="false"
 synchronized="false"
 static="false"
 final="false"
 deprecated="not deprecated"
 visibility="public"
>
<parameter name="fingers" type="int">
</parameter>
</method>
<method name="onPinch"
 return="boolean"
 abstract="true"
 native="false"
 synchronized="false"
 static="false"
 final="false"
 deprecated="not deprecated"
 visibility="public"
>
<parameter name="fingers" type="int">
</parameter>
<parameter name="gestureDuration" type="long">
</parameter>
<parameter name="gestureDistance" type="double">
</parameter>
</method>
<method name="onSwipeDown"
 return="boolean"
 abstract="true"
 native="false"
 synchronized="false"
 static="false"
 final="false"
 deprecated="not deprecated"
 visibility="public"
>
<parameter name="fingers" type="int">
</parameter>
<parameter name="gestureDuration" type="long">
</parameter>
<parameter name="gestureDistance" type="double">
</parameter>
</method>
<method name="onSwipeLeft"
 return="boolean"
 abstract="true"
 native="false"
 synchronized="false"
 static="false"
 final="false"
 deprecated="not deprecated"
 visibility="public"
>
<parameter name="fingers" type="int">
</parameter>
<parameter name="gestureDuration" type="long">
</parameter>
<parameter name="gestureDistance" type="double">
</parameter>
</method>
<method name="onSwipeRight"
 return="boolean"
 abstract="true"
 native="false"
 synchronized="false"
 static="false"
 final="false"
 deprecated="not deprecated"
 visibility="public"
>
<parameter name="fingers" type="int">
</parameter>
<parameter name="gestureDuration" type="long">
</parameter>
<parameter name="gestureDistance" type="double">
</parameter>
</method>
<method name="onSwipeUp"
 return="boolean"
 abstract="true"
 native="false"
 synchronized="false"
 static="false"
 final="false"
 deprecated="not deprecated"
 visibility="public"
>
<parameter name="fingers" type="int">
</parameter>
<parameter name="gestureDuration" type="long">
</parameter>
<parameter name="gestureDistance" type="double">
</parameter>
</method>
<method name="onUnpinch"
 return="boolean"
 abstract="true"
 native="false"
 synchronized="false"
 static="false"
 final="false"
 deprecated="not deprecated"
 visibility="public"
>
<parameter name="fingers" type="int">
</parameter>
<parameter name="gestureDuration" type="long">
</parameter>
<parameter name="gestureDistance" type="double">
</parameter>
</method>
</interface>
</package>
</api>
